INSERT INTO PERSONA VALUES ('12345678A', 'DNI', 'Francisco', 'Calles', 'Esteban', '11.4.2000', 'Hombre');
INSERT INTO PERSONA VALUES ('12345678B', 'DNI', 'David', 'López', 'Castro', '23.6.1980', 'Hombre');
INSERT INTO PERSONA VALUES ('12345678C', 'DNI', 'María', 'Pérez', 'Escobar', '3.12.1995', 'Mujer');
INSERT INTO PERSONA VALUES ('12345678D', 'DNI', 'Diego', 'Gutiérrez', 'Gamboa', '15.4.1984', 'Hombre');
INSERT INTO PERSONA VALUES ('12345678E', 'DNI', 'Laura', 'Domínguez', 'Prieto', '21.1.1995', 'Mujer');
INSERT INTO PERSONA VALUES ('12345678F', 'DNI', 'Samuel', 'Lucas', 'Serrano', '6.6.2000', 'Hombre');
INSERT INTO PERSONA VALUES ('12345678G', 'DNI', 'Rodrigo', 'Martínez', 'López', '3.9.2000', 'Hombre');
INSERT INTO PERSONA VALUES ('12345678H', 'DNI', 'Pedro', 'Sarmiento', 'Gutiérrez', '14.11.1965', 'Hombre');

INSERT INTO ADMINISTRADOR(CORREO,CONTRASEÑA,PERSONA_NUMID) VALUES ('fcallesesteban@gmail.com', '4d3c2b1a','12345678A');
INSERT INTO ADMINISTRADOR(CORREO,CONTRASEÑA,PERSONA_NUMID) VALUES ('ldominguezprieto@gmail.com', '4d3c2b1a','12345678E');
INSERT INTO ADMINISTRADOR(CORREO,CONTRASEÑA,PERSONA_NUMID) VALUES ('admin', 'admin','12345678D');

INSERT INTO CLIENTE(CORREO,CONTRASEÑA,TELÉFONO,PERSONA_NUMID) VALUES ('dlopezcastro@gmail.com', '4d3c2b1a', '+34 686597257','12345678B');
INSERT INTO CLIENTE(CORREO,CONTRASEÑA,TELÉFONO,PERSONA_NUMID) VALUES ('mperezescobar@gmail.com', '4d3c2b1a', '+34 675637589', '12345678C');
INSERT INTO CLIENTE(CORREO,CONTRASEÑA,TELÉFONO,PERSONA_NUMID) VALUES ('dgutierrezgamboa@gmail.com', '4d3c2b1a', '+34 666876234', '12345678D');
INSERT INTO CLIENTE(CORREO,CONTRASEÑA,TELÉFONO,PERSONA_NUMID) VALUES ('slucasserrano@gmail.com', '4d3c2b1a', '+34 654987231', '12345678F');
INSERT INTO CLIENTE(CORREO,CONTRASEÑA,TELÉFONO,PERSONA_NUMID) VALUES ('usuario', 'usuario', '+34 686597252','12345678H');

INSERT INTO TARJETABANCARIA VALUES (1234567891234567,5,22,622,1);
INSERT INTO TARJETABANCARIA VALUES (3456789098765432,11,23,622,2);
INSERT INTO TARJETABANCARIA VALUES (6739473565839535,3,23,622,3);
INSERT INTO TARJETABANCARIA VALUES (9054742395723472,2,24,622,4);

INSERT INTO ACOMPAÑANTE VALUES (1,'12345678G');
INSERT INTO ACOMPAÑANTE VALUES (2,'12345678H');

INSERT INTO AEROPUERTO(NOMBRE,DIRECCIÓN,CIUDAD,PAÍS,TELÉFONO) VALUES ('Aeropuerto de Barajas', 'Avenida de la Hispanidad', 'Madrid', 'España', '+34 923565887');
INSERT INTO AEROPUERTO(NOMBRE,DIRECCIÓN,CIUDAD,PAÍS,TELÉFONO) VALUES ('Aeropuerto El Prat', 'El Prat de Llobregat', 'Barcelona', 'España', '+34 978456232');
INSERT INTO AEROPUERTO(NOMBRE,DIRECCIÓN,CIUDAD,PAÍS,TELÉFONO) VALUES ('Aeropuerto Charles de Gaulle', 'Roissy-en-France', 'París', 'Francia', '+33 170363950');
INSERT INTO AEROPUERTO(NOMBRE,DIRECCIÓN,CIUDAD,PAÍS,TELÉFONO) VALUES ('Aeropuerto de Londres', 'Hartmann Rd', 'Londres', 'Inglaterra', '+44 207646000');
INSERT INTO AEROPUERTO(NOMBRE,DIRECCIÓN,CIUDAD,PAÍS,TELÉFONO) VALUES ('Aeropuerto de Berlín', 'Melli-Beese-Ring', 'Berlín', 'Alemania', '+49 656342211');

INSERT INTO AVIÓN(MODELO,NUMPLAZAS) VALUES ('Airbus A380', 75);
INSERT INTO AVIÓN(MODELO,NUMPLAZAS) VALUES ('Airbus A380', 75);
INSERT INTO AVIÓN(MODELO,NUMPLAZAS) VALUES ('Airbus A380', 75);
INSERT INTO AVIÓN(MODELO,NUMPLAZAS) VALUES ('Airbus A380', 75);
INSERT INTO AVIÓN(MODELO,NUMPLAZAS) VALUES ('Airbus A380', 75);
INSERT INTO AVIÓN(MODELO,NUMPLAZAS) VALUES ('Airbus A380', 75);

INSERT INTO CLASE(NOMBRE,DESCRIPCIÓN) VALUES ('Turista', 'Clase económica');
INSERT INTO CLASE(NOMBRE,DESCRIPCIÓN) VALUES ('Premium', 'Mejor experiencia de viaje que la clase económica');
INSERT INTO CLASE(NOMBRE,DESCRIPCIÓN) VALUES ('Business', 'Clase ejecutiva');
INSERT INTO CLASE(NOMBRE,DESCRIPCIÓN) VALUES ('Primera', 'Clase con el mejor servicio y el más caro');

INSERT INTO CLASEAVIÓN VALUES(1,1,75);
INSERT INTO CLASEAVIÓN VALUES(1,2,75);
INSERT INTO CLASEAVIÓN VALUES(1,3,75);
INSERT INTO CLASEAVIÓN VALUES(1,4,75);
INSERT INTO CLASEAVIÓN VALUES(1,5,75);
INSERT INTO CLASEAVIÓN VALUES(1,6,75);

INSERT INTO OPERACIÓN(FECHA,DESCUENTO,CLIENTE_IDCLIENTE) VALUES('16.1.2022',0.2,1); 
INSERT INTO OPERACIÓN(FECHA,DESCUENTO,CLIENTE_IDCLIENTE) VALUES('22.1.2022',0.2,2); 
INSERT INTO OPERACIÓN(FECHA,DESCUENTO,CLIENTE_IDCLIENTE) VALUES('8.1.2022',0.2,3); 
INSERT INTO OPERACIÓN(FECHA,DESCUENTO,CLIENTE_IDCLIENTE) VALUES('4.1.2022',0.2,4); 

INSERT INTO RUTA(FECHA,DURACIÓN,AVIÓN_IDAVIÓN,ORIGEN,DESTINO) VALUES('2022-01-25 08:15:00', 240,1,1,3);
INSERT INTO RUTA(FECHA,DURACIÓN,AVIÓN_IDAVIÓN,ORIGEN,DESTINO) VALUES('2022-01-31 12:30:00', 270,2,1,4);
INSERT INTO RUTA(FECHA,DURACIÓN,AVIÓN_IDAVIÓN,ORIGEN,DESTINO) VALUES('2022-01-14 09:00:00', 280,3,1,5);
INSERT INTO RUTA(FECHA,DURACIÓN,AVIÓN_IDAVIÓN,ORIGEN,DESTINO) VALUES('2022-01-10 10:15:00', 210,4,2,3);
INSERT INTO RUTA(FECHA,DURACIÓN,AVIÓN_IDAVIÓN,ORIGEN,DESTINO) VALUES('2022-01-12 07:45:00', 240,5,2,4);
INSERT INTO RUTA(FECHA,DURACIÓN,AVIÓN_IDAVIÓN,ORIGEN,DESTINO) VALUES('2022-01-18 08:15:00', 250,6,2,5);

INSERT INTO TASAS(GESTIÓN,SEGURIDAD,COMBUSTIBLE,AEROPUERTO_IDAEROPUERTO) VALUES(5,4,3,1);
INSERT INTO TASAS(GESTIÓN,SEGURIDAD,COMBUSTIBLE,AEROPUERTO_IDAEROPUERTO) VALUES(5,4,3,2);
INSERT INTO TASAS(GESTIÓN,SEGURIDAD,COMBUSTIBLE,AEROPUERTO_IDAEROPUERTO) VALUES(5,4,4,3);
INSERT INTO TASAS(GESTIÓN,SEGURIDAD,COMBUSTIBLE,AEROPUERTO_IDAEROPUERTO) VALUES(6,4,2,4);
INSERT INTO TASAS(GESTIÓN,SEGURIDAD,COMBUSTIBLE,AEROPUERTO_IDAEROPUERTO) VALUES(4,3,3,5);

INSERT INTO BILLETERUTA(PRECIO,IMPUESTOS,RUTA_IDRUTA) VALUES(70.50,0.21,1);
INSERT INTO BILLETERUTA(PRECIO,IMPUESTOS,RUTA_IDRUTA) VALUES(80.50,0.21,2);
INSERT INTO BILLETERUTA(PRECIO,IMPUESTOS,RUTA_IDRUTA) VALUES(75.50,0.21,3);
INSERT INTO BILLETERUTA(PRECIO,IMPUESTOS,RUTA_IDRUTA) VALUES(60.50,0.21,4);
INSERT INTO BILLETERUTA(PRECIO,IMPUESTOS,RUTA_IDRUTA) VALUES(70.50,0.21,5);
INSERT INTO BILLETERUTA(PRECIO,IMPUESTOS,RUTA_IDRUTA) VALUES(65.50,0.21,6);

INSERT INTO BILLETE VALUES('NIK23A',1,1,'16.1.2022');
INSERT INTO BILLETE VALUES('NIK23B',1,2,'22.1.2022');
INSERT INTO BILLETE VALUES('NIK23C',1,3,'8.1.2022');
INSERT INTO BILLETE VALUES('NIK23D',1,4,'4.1.2022');

INSERT INTO ACOMPAÑANTEBILLETE(ACOMPAÑANTE_IDACOMPAÑANTE,ACOMPAÑANTE_PERSONA_NUMID,BILLETE_LOCALIZADOR) VALUES (1,'12345678G','NIK23A');
INSERT INTO ACOMPAÑANTEBILLETE(ACOMPAÑANTE_IDACOMPAÑANTE,ACOMPAÑANTE_PERSONA_NUMID,BILLETE_LOCALIZADOR) VALUES (2,'12345678H','NIK23B');
