INSERT INTO ALUMNO VALUES ('12345678A', 'Antonio', 'Flores', 600);
INSERT INTO ALUMNO VALUES ('12345678B', 'Marcos', 'Fernandez', 1000);
INSERT INTO ALUMNO VALUES ('45678901C', 'Francisco', 'Dominguez', 2500);
INSERT INTO ALUMNO VALUES ('67890123D', 'Maria', 'Castano', 1300);

INSERT INTO PROFESOR VALUES ('32109876P', 'Jesus', 'Escobar', 2600);
INSERT INTO PROFESOR VALUES ('98765432Z', 'Pedro', 'Alonso', 2000);
INSERT INTO PROFESOR VALUES ('87654321F', 'Marta', 'Casas', 2300);
INSERT INTO PROFESOR VALUES ('54321098K', 'Rocio', 'Perez', 2300);

INSERT INTO ASIGNATURA VALUES ('280011', 'Matematicas', 'Conceptos matematicos, algebra, geometria, ecuaciones', '32109876P');
INSERT INTO ASIGNATURA VALUES ('280015', 'Lengua y Literatura', 'Historia de la literatura espanola, sintaxis, ortografia', '98765432Z');
INSERT INTO ASIGNATURA VALUES ('280013', 'Ingles', 'Nivel de aprendizaje B1 de la lengua inglesa, listening, writting, reading, vocabulary', '87654321F');
INSERT INTO ASIGNATURA VALUES ('280018', 'Fisica y Quimica', 'Conocimientos basicos de lso fenomenos fisicos y quimicos', '54321098K');

INSERT INTO ASISTENCIA VALUES ('1234', '12345678A', '280011');
INSERT INTO ASISTENCIA VALUES ('1234', '12345678B', '280011');
INSERT INTO ASISTENCIA VALUES ('1234', '45678901C', '280011');
INSERT INTO ASISTENCIA VALUES ('1234', '67890123D', '280011');

INSERT INTO ASISTENCIA VALUES ('1245', '12345678A', '280015');
INSERT INTO ASISTENCIA VALUES ('1245', '12345678B', '280015');
INSERT INTO ASISTENCIA VALUES ('1245', '45678901C', '280015');

INSERT INTO ASISTENCIA VALUES ('1250', '12345678A', '280013');
INSERT INTO ASISTENCIA VALUES ('1250', '12345678B', '280013');

INSERT INTO ASISTENCIA VALUES ('1251', '12345678A', '280018');
INSERT INTO ASISTENCIA VALUES ('1251', '45678901C', '280018');
INSERT INTO ASISTENCIA VALUES ('1251', '67890123D', '280018');